page,title,price_gbp,rating,in_stock,url,upc,stock_qty
1,A Light in the Attic,51.77,3,True,https://books.toscrape.com/catalogue/a-light-in-the-attic_1000/index.html,a897fe39b1053632,22
1,Tipping the Velvet,53.74,1,True,https://books.toscrape.com/catalogue/tipping-the-velvet_999/index.html,90fa61229261140a,20
1,Soumission,50.1,1,True,https://books.toscrape.com/catalogue/soumission_998/index.html,6957f44c3847a760,20
1,Sharp Objects,47.82,4,True,https://books.toscrape.com/catalogue/sharp-objects_997/index.html,e00eb4fd7b871a48,20
1,Sapiens: A Brief History of Humankind,54.23,5,True,https://books.toscrape.com/catalogue/sapiens-a-brief-history-of-humankind_996/index.html,4165285e1663650f,20
1,The Requiem Red,22.65,1,True,https://books.toscrape.com/catalogue/the-requiem-red_995/index.html,f77dbf2323deb740,19
1,The Dirty Little Secrets of Getting Your Dream Job,33.34,4,True,https://books.toscrape.com/catalogue/the-dirty-little-secrets-of-getting-your-dream-job_994/index.html,2597b5a345f45e1b,19
1,"The Coming Woman: A Novel Based on the Life of the Infamous Feminist, Victoria Woodhull",17.93,3,True,https://books.toscrape.com/catalogue/the-coming-woman-a-novel-based-on-the-life-of-the-infamous-feminist-victoria-woodhull_993/index.html,e72a5dfc7e9267b2,19
1,The Boys in the Boat: Nine Americans and Their Epic Quest for Gold at the 1936 Berlin Olympics,22.6,4,True,https://books.toscrape.com/catalogue/the-boys-in-the-boat-nine-americans-and-their-epic-quest-for-gold-at-the-1936-berlin-olympics_992/index.html,e10e1e165dc8be4a,19
1,The Black Maria,52.15,1,True,https://books.toscrape.com/catalogue/the-black-maria_991/index.html,1dfe412b8ac00530,19
1,"Starving Hearts (Triangular Trade Trilogy, #1)",13.99,2,True,https://books.toscrape.com/catalogue/starving-hearts-triangular-trade-trilogy-1_990/index.html,0312262ecafa5a40,19
1,Shakespeare's Sonnets,20.66,4,True,https://books.toscrape.com/catalogue/shakespeares-sonnets_989/index.html,30a7f60cd76ca58c,19
1,Set Me Free,17.46,5,True,https://books.toscrape.com/catalogue/set-me-free_988/index.html,ce6396b0f23f6ecc,19
1,Scott Pilgrim's Precious Little Life (Scott Pilgrim #1),52.29,5,True,https://books.toscrape.com/catalogue/scott-pilgrims-precious-little-life-scott-pilgrim-1_987/index.html,3b1c02bac2a429e6,19
1,Rip it Up and Start Again,35.02,5,True,https://books.toscrape.com/catalogue/rip-it-up-and-start-again_986/index.html,a34ba96d4081e6a4,19
1,"Our Band Could Be Your Life: Scenes from the American Indie Underground, 1981-1991",57.25,3,True,https://books.toscrape.com/catalogue/our-band-could-be-your-life-scenes-from-the-american-indie-underground-1981-1991_985/index.html,deda3e61b9514b83,19
1,Olio,23.88,1,True,https://books.toscrape.com/catalogue/olio_984/index.html,feb7cc7701ecf901,19
1,Mesaerion: The Best Science Fiction Stories 1800-1849,37.59,1,True,https://books.toscrape.com/catalogue/mesaerion-the-best-science-fiction-stories-1800-1849_983/index.html,e30f54cea9b38190,19
1,Libertarianism for Beginners,51.33,2,True,https://books.toscrape.com/catalogue/libertarianism-for-beginners_982/index.html,a18a4f574854aced,19
1,It's Only the Himalayas,45.17,2,True,https://books.toscrape.com/catalogue/its-only-the-himalayas_981/index.html,a22124811bfa8350,19
2,In Her Wake,12.84,1,True,https://books.toscrape.com/catalogue/in-her-wake_980/index.html,23356462d1320d61,19
2,How Music Works,37.32,2,True,https://books.toscrape.com/catalogue/how-music-works_979/index.html,327f68a59745c102,19
2,"Foolproof Preserving: A Guide to Small Batch Jams, Jellies, Pickles, Condiments, and More: A Foolproof Guide to Making Small Batch Jams, Jellies, Pickles, Condiments, and More",30.52,3,True,https://books.toscrape.com/catalogue/foolproof-preserving-a-guide-to-small-batch-jams-jellies-pickles-condiments-and-more-a-foolproof-guide-to-making-small-batch-jams-jellies-pickles-condiments-and-more_978/index.html,5674a18a29a43ced,19
2,Chase Me (Paris Nights #2),25.27,5,True,https://books.toscrape.com/catalogue/chase-me-paris-nights-2_977/index.html,c2e46a2ee3b4a322,19
2,Black Dust,34.53,5,True,https://books.toscrape.com/catalogue/black-dust_976/index.html,00bfed9e18bb36f3,19
2,Birdsong: A Story in Pictures,54.64,3,True,https://books.toscrape.com/catalogue/birdsong-a-story-in-pictures_975/index.html,9528d0948525bf5f,19
2,America's Cradle of Quarterbacks: Western Pennsylvania's Football Factory from Johnny Unitas to Joe Montana,22.5,3,True,https://books.toscrape.com/catalogue/americas-cradle-of-quarterbacks-western-pennsylvanias-football-factory-from-johnny-unitas-to-joe-montana_974/index.html,c7d160c2c0de586f,19
2,Aladdin and His Wonderful Lamp,53.13,3,True,https://books.toscrape.com/catalogue/aladdin-and-his-wonderful-lamp_973/index.html,904208d6aa64b655,19
2,Worlds Elsewhere: Journeys Around Shakespeare’s Globe,40.3,5,True,https://books.toscrape.com/catalogue/worlds-elsewhere-journeys-around-shakespeares-globe_972/index.html,4c28def39d850cdf,18
2,Wall and Piece,44.18,4,True,https://books.toscrape.com/catalogue/wall-and-piece_971/index.html,ccd9ffa25efabdea,18
2,The Four Agreements: A Practical Guide to Personal Freedom,17.66,5,True,https://books.toscrape.com/catalogue/the-four-agreements-a-practical-guide-to-personal-freedom_970/index.html,6258a1f6a6dcfe50,18
2,The Five Love Languages: How to Express Heartfelt Commitment to Your Mate,31.05,3,True,https://books.toscrape.com/catalogue/the-five-love-languages-how-to-express-heartfelt-commitment-to-your-mate_969/index.html,3c039985229453bf,18
2,The Elephant Tree,23.82,5,True,https://books.toscrape.com/catalogue/the-elephant-tree_968/index.html,5dada2b7be26bd03,18
2,The Bear and the Piano,36.89,1,True,https://books.toscrape.com/catalogue/the-bear-and-the-piano_967/index.html,9f6568e9c95f60b0,18
2,Sophie's World,15.94,5,True,https://books.toscrape.com/catalogue/sophies-world_966/index.html,6be3beb0793a53e7,18
2,Penny Maybe,33.29,3,True,https://books.toscrape.com/catalogue/penny-maybe_965/index.html,668fe56b17cfcd4f,18
2,Maude (1883-1993):She Grew Up with the country,18.02,2,True,https://books.toscrape.com/catalogue/maude-1883-1993she-grew-up-with-the-country_964/index.html,094b269567e1c300,18
2,"In a Dark, Dark Wood",19.63,1,True,https://books.toscrape.com/catalogue/in-a-dark-dark-wood_963/index.html,19ed25f4641d5efd,18
2,Behind Closed Doors,52.22,4,True,https://books.toscrape.com/catalogue/behind-closed-doors_962/index.html,be5cc846f45496fb,18
2,You can't bury them all: Poems,33.63,2,True,https://books.toscrape.com/catalogue/you-cant-bury-them-all-poems_961/index.html,55f9da0c5eea2e10,17
