name,company,email,phone,location,flag_email,flag_missing
Ren Wilson,Globex Inc,ren.wilson@globex.com,+12683316874,"Toronto, CA",,
Noah Smith,Globex Inc,noah.smith@globex.com,+14862826758,"Toronto, CA",,
Ren Wilson,Acme Corp,ren.wilson@acme.com,+18842796140,"Berlin, DE",,
Mia Miller,Acme Corp,mia.miller@acme.com,+19389732070,"New York, NY",,
Haruto Suzuki,Umbrella Co,haruto.suzuki@umbrella.com,+16009457635,"Osaka, JP",,
Liam Johnson,Acme Corp,liam.johnson@acme.com,+16864368344,"Berlin, DE",,
Test User2,Acme Corp,asdf@asdf.com,,,email looks fake,location
Sophia Tanaka,Vandelay Industries,sophia.tanaka@vandelay.com,+13509069899,"New York, NY",,
Ethan Sato,Hooli,ethan.sato@hooli.com,+14176002274,"Tokyo, JP",,
Yui Davis,Wonka Industries,yui.davis@wonka.com,+14445889787,"Sydney, AU",,
Ren Johnson,Stark Industries,ren.johnson@stark.com,+13036043532,"Austin, TX",,
Ethan Anderson,Vandelay Industries,ethan.anderson@vandelay.com,+19776608002,"Tokyo, JP",,
Sota Yamamoto,Initech,sota.yamamoto@initech.com,+12629576796,"Sydney, AU",,
Hana Davis,Hooli,hana.davis@hooli.com,+14543844999,"Austin, TX",,
Hana Anderson,Wayne Enterprises,hana.anderson@wayne.com,+15192873361,"Austin, TX",,
Sophia Garcia,Wayne Enterprises,sophia.garcia@wayne.com,+17055912257,"Sydney, AU",,
Lucas Anderson,Globex Inc,lucas.anderson@globex.com,+17186605401,"Toronto, CA",,
Emma Johnson,Hooli,emma.johnson@hooli.com,+16413671907,"Austin, TX",,
Yui Takahashi,Globex Inc,yui.takahashi@globex.com,+19423623785,"Tokyo, JP",,
Hana Brown,Globex Inc,hana.brown@globex.com,+15488151861,"Austin, TX",,
Ava Anderson,Wonka Industries,ava.anderson@wonka.com,+19423232011,"Berlin, DE",,
Mia Yamamoto,Globex Inc,mia.yamamoto@globex.com,+16642116556,"Toronto, CA",,
Liam Smith,Vandelay Industries,liam.smith@vandelay.com,+17022979052,"Tokyo, JP",,
Mia Garcia,Hooli,mia.garcia@hooli.com,+17134466341,"London, UK",,
Olivia Yamamoto,Globex Inc,olivia.yamamoto@globex.com,+15979284265,"Sydney, AU",,
Hana Miller,Vandelay Industries,hana.miller@vandelay.com,+18604488787,"Osaka, JP",,
Sophia Davis,Globex Inc,sophia.davis@globex.com,+17609292028,"New York, NY",,
Haruto Sato,Acme Corp,haruto.sato@acme.com,+17194191614,"Austin, TX",,
Ethan Sato,Acme Corp,ethan.sato@acme.com,+18609325977,"Tokyo, JP",,
Mia Davis,Vandelay Industries,mia.davis@vandelay.com,+17605315005,"New York, NY",,
Yui Johnson,Wonka Industries,yui.johnson@wonka.com,+18375799265,"Tokyo, JP",,
Liam Kobayashi,Soylent Corp,liam.kobayashi@soylent.com,+15868683231,"New York, NY",,
Ren Davis,Acme Corp,ren.davis@acme.com,+12284868737,"London, UK",,
Lucas Yamamoto,Initech,lucas.yamamoto@initech.com,8214416370,"Berlin, DE",,
Lucas Brown,Stark Industries,lucas.brown@stark.com,+12017364310,"London, UK",,
Lucas Miller,Hooli,lucas.miller@hooli.com,+17804747110,"London, UK",,
Ren Kobayashi,Soylent Corp,ren.kobayashi@soylent.com,+13078436351,"Berlin, DE",,
Olivia Brown,Vandelay Industries,olivia.brown@vandelay.com,+13953899598,"Sydney, AU",,
Ren Sato,Vandelay Industries,ren.sato@vandelay.com,+17274663603,"London, UK",,
Ethan Miller,Hooli,ethan.miller@hooli.com,+13118389122,"Tokyo, JP",,
L. Yamamoto,Acme Corp,lucas.yamamoto@acme.com,+13302337966,"Sydney, AU",,
Emma Anderson,Wayne Enterprises,emma.anderson@wayne.com,+16155093305,"Toronto, CA",,
Olivia Yamamoto,Stark Industries,olivia.yamamoto@stark.com,+13094524370,"Osaka, JP",,
Mia Anderson,Globex Inc,mia.anderson@globex.com,+12629486072,"Sydney, AU",,
Ren Garcia,Initech,ren.garcia@initech.com,+12002452008,"New York, NY",,
Mason Suzuki,Umbrella Co,mason.suzuki@umbrella.com,+12675595132,"Tokyo, JP",,
Aiko Sato,Hooli,aiko.sato@hooli.com,+16673475164,"Sydney, AU",,
Olivia Smith,Stark Industries,olivia.smith@stark.com,+16618293270,"London, UK",,
Ava Miller,Wonka Industries,ava.miller@wonka.com,+13925342061,"Toronto, CA",,
Mason Suzuki,Initech,mason.suzuki@initech.com,+12764129201,"Sydney, AU",,
Emma Wilson,Stark Industries,emma.wilson@stark.com,+19636762318,"Sydney, AU",,
Liam Anderson,Soylent Corp,liam.anderson@soylent.com,+16016077536,"Toronto, CA",,
Mia Garcia,Stark Industries,mia.garcia@stark.com,+15794329076,"New York, NY",,
Ethan Johnson,Wayne Enterprises,ethan.johnson@wayne.com,+19326767332,"London, UK",,
Ava Tanaka,Soylent Corp,ava.tanaka@soylent.com,+17822164767,"Austin, TX",,
Test User6,Acme Corp,x@tempmail.net,,"Austin, TX",email disposable,
Aiko Garcia,Initech,aiko.garcia@initech.com,+16145551891,"Tokyo, JP",,
Aiko Miller,Hooli,aiko.miller@hooli.com,+14619565262,"Toronto, CA",,
Olivia Garcia,Hooli,olivia.garcia@hooli.com,+13259953530,"Berlin, DE",,
Haruto Sato,Wayne Enterprises,haruto.sato@wayne.com,+13623371231,"Osaka, JP",,
Olivia Yamamoto,Umbrella Co,olivia.yamamoto@umbrella.com,+18285853433,"London, UK",,
Haruto Yamamoto,Wayne Enterprises,haruto.yamamoto@wayne.com,+17687332713,"London, UK",,
Yui Takahashi,Vandelay Industries,yui.takahashi@vandelay.com,+14715847044,"Tokyo, JP",,
Olivia Anderson,Hooli,olivia.anderson@hooli.com,+17148714292,"Osaka, JP",,
Noah Tanaka,Initech,noah.tanaka@initech.com,+16443994457,"New York, NY",,
Lucas Brown,Umbrella Co,lucas.brown@umbrella.com,+16076009134,"Austin, TX",,
Ren Yamamoto,Soylent Corp,ren.yamamoto@soylent.com,+19142061434,"Toronto, CA",,
Ren Johnson,Initech,ren.johnson@initech.com,+13009754358,"London, UK",,
Ethan Smith,Soylent Corp,ethan.smith@soylent.com,+13364967867,"Tokyo, JP",,
Ethan Davis,Hooli,ethan.davis@hooli.com,+17834061329,"Toronto, CA",,
Liam Anderson,Hooli,liam.anderson@hooli.com,+17885683062,"Osaka, JP",,
Haruto Smith,Umbrella Co,haruto.smith@umbrella.com,+13866133641,"London, UK",,
Olivia Kobayashi,Hooli,olivia.kobayashi@hooli.com,+12858224643,"Austin, TX",,
Ethan Brown,Stark Industries,ethan.brown@stark.com,+16718354849,"Austin, TX",,
Sophia Tanaka,Wayne Enterprises,sophia.tanaka@wayne.com,+14516572741,"Toronto, CA",,
Lucas Garcia,Vandelay Industries,lucas.garcia@vandelay.com,+13872016494,"Toronto, CA",,
Aiko Brown,Stark Industries,aiko.brown@stark.com,+13072735339,"Austin, TX",,
Emma Wilson,Initech,emma.wilson@initech.com,+16333162482,"Toronto, CA",,
Noah Tanaka,Umbrella Co,noah.tanaka@umbrella.com,+15895656057,"Toronto, CA",,
Sota Yamamoto,Soylent Corp,sota.yamamoto@soylent.com,+13337443487,"New York, NY",,
Yui Smith,Hooli,yui.smith@hooli.com,+15118444814,"Austin, TX",,
Lucas Tanaka,Wayne Enterprises,lucas.tanaka@wayne.com,+15519468353,"London, UK",,
Hana Tanaka,Acme Corp,hana.tanaka@acme.com,+18422199707,"Osaka, JP",,
Mason Sato,Umbrella Co,mason.sato@umbrella.com,+12426099485,"Tokyo, JP",,
Emma Kobayashi,Hooli,emma.kobayashi@hooli.com,+19567162104,"Osaka, JP",,
Aiko Yamamoto,Stark Industries,aiko.yamamoto@stark.com,+13224001192,"London, UK",,
Haruto Smith,Initech,haruto.smith@initech.com,+17004321746,"New York, NY",,
Emma Smith,Initech,emma.smith@initech.com,+18525692718,"Toronto, CA",,
Olivia Takahashi,Acme Corp,olivia.takahashi@acme.com,+12678046954,"Osaka, JP",,
Ren Tanaka,Stark Industries,ren.tanaka@stark.com,+17185154525,"Osaka, JP",,
Yui Wilson,Soylent Corp,yui.wilson@soylent.com,+14155855427,"Berlin, DE",,
Emma Brown,Wonka Industries,emma.brown@wonka.com,+16768713394,"Sydney, AU",,
Aiko Takahashi,Stark Industries,aiko.takahashi@stark.com,+15718987493,"Osaka, JP",,
Sophia Miller,Wayne Enterprises,sophia.miller@wayne.com,+17128883914,"London, UK",,
Mia Garcia,Umbrella Co,mia.garcia@umbrella.com,+13639646355,"Osaka, JP",,
Mia Sato,Initech,mia.sato@initech.com,+12447394906,"Austin, TX",,
Haruto Anderson,Acme Corp,haruto.anderson@acme.com,+17507794548,"Austin, TX",,
Sota Yamamoto,Wayne Enterprises,sota.yamamoto@wayne.com,+13357083997,"New York, NY",,
Ethan Kobayashi,Stark Industries,ethan.kobayashi@stark.com,+12415841571,"Sydney, AU",,
Ethan Johnson,Globex Inc,ethan.johnson@globex.com,+14714781648,"Tokyo, JP",,
Sophia Anderson,Soylent Corp,sophia.anderson@soylent.com,+16379956146,"Sydney, AU",,
Test User4,Acme Corp,john@@example.com,,,email invalid,location
Aiko Tanaka,Wonka Industries,aiko.tanaka@wonka.com,+15027242053,"Austin, TX",,
Mason Tanaka,Hooli,mason.tanaka@hooli.com,+12655071794,"Sydney, AU",,
Liam Miller,Stark Industries,liam.miller@stark.com,+15825398248,"Tokyo, JP",,
Mason Garcia,Globex Inc,mason.garcia@globex.com,+14674371635,"Austin, TX",,
Mia Davis,Globex Inc,mia.davis@globex.com,6025992251,"Berlin, DE",,
Liam Anderson,Vandelay Industries,liam.anderson@vandelay.com,+12548227355,"Austin, TX",,
Aiko Takahashi,Hooli,aiko.takahashi@hooli.com,+16909083645,"New York, NY",,
Sophia Garcia,Globex Inc,sophia.garcia@globex.com,+13785502492,"Berlin, DE",,
Ren Yamamoto,Wonka Industries,ren.yamamoto@wonka.com,+13864695619,"New York, NY",,
Mia Miller,Umbrella Co,mia.miller@umbrella.com,+12877191249,"Tokyo, JP",,
Ethan Smith,Stark Industries,ethan.smith@stark.com,+19218656036,"New York, NY",,
Noah Suzuki,Wonka Industries,noah.suzuki@wonka.com,+19268346729,"Osaka, JP",,
Liam Anderson,Initech,liam.anderson@initech.com,+13614758304,"New York, NY",,
Noah Anderson,Stark Industries,noah.anderson@stark.com,+12633952103,"Osaka, JP",,
Ren Smith,Globex Inc,ren.smith@globex.com,+16007408670,"Sydney, AU",,
Sota Kobayashi,Hooli,sota.kobayashi@hooli.com,+12494872666,"New York, NY",,
Lucas Smith,Vandelay Industries,lucas.smith@vandelay.com,+15289879253,"Sydney, AU",,
Yui Davis,Globex Inc,yui.davis@globex.com,+13534524155,"New York, NY",,
Emma Davis,Soylent Corp,emma.davis@soylent.com,+16696511296,"Toronto, CA",,
Olivia Garcia,Globex Inc,olivia.garcia@globex.com,+14326814222,"Berlin, DE",,
Emma Sato,Initech,emma.sato@initech.com,+17493036957,"New York, NY",,
Haruto Johnson,Wayne Enterprises,haruto.johnson@wayne.com,+17167221667,"New York, NY",,
Aiko Wilson,Initech,aiko.wilson@initech.com,+14703179695,"New York, NY",,
Sota Wilson,Globex Inc,sota.wilson@globex.com,+14462927955,"New York, NY",,
Hana Davis,Wonka Industries,hana.davis@wonka.com,+12807244232,"Toronto, CA",,
Olivia Takahashi,Wayne Enterprises,olivia.takahashi@wayne.com,+14582765350,"Osaka, JP",,
Liam Brown,Stark Industries,liam.brown@stark.com,+16609296147,"Austin, TX",,
Sophia Takahashi,Wonka Industries,sophia.takahashi@wonka.com,+15526576726,"Berlin, DE",,
Haruto Miller,Vandelay Industries,haruto.miller@vandelay.com,+18312445295,"Berlin, DE",,
Ava Anderson,Globex Inc,ava.anderson@globex.com,+12658533370,"London, UK",,
Lucas Sato,Acme Corp,lucas.sato@acme.com,+16222318150,"Austin, TX",,
Mason Wilson,Vandelay Industries,mason.wilson@vandelay.com,+12889397485,"Sydney, AU",,
Test User5,,info@example,,,email invalid,"company, location"
Ava Wilson,Soylent Corp,ava.wilson@soylent.com,+15788246220,"Tokyo, JP",,
Haruto Davis,Globex Inc,haruto.davis@globex.com,+16524353895,"New York, NY",,
Ava Miller,Initech,ava.miller@initech.com,+16784242542,"Toronto, CA",,
Mia Kobayashi,Initech,mia.kobayashi@initech.com,+16328925237,"Toronto, CA",,
Olivia Miller,Soylent Corp,olivia.miller@soylent.com,+17963967358,"London, UK",,
Haruto Brown,Wonka Industries,haruto.brown@wonka.com,+18467205580,"Austin, TX",,
Noah Wilson,Wayne Enterprises,noah.wilson@wayne.com,+19714025941,"Tokyo, JP",,
Ethan Miller,Wayne Enterprises,ethan.miller@wayne.com,+17708847461,"Austin, TX",,
Hana Tanaka,Wayne Enterprises,hana.tanaka@wayne.com,+13832231057,"Sydney, AU",,
Mason Miller,Acme Corp,mason.miller@acme.com,+13854066111,"London, UK",,
Aiko Wilson,Umbrella Co,aiko.wilson@umbrella.com,+15655262510,"Berlin, DE",,
Liam Garcia,Initech,liam.garcia@initech.com,+14978308081,"Toronto, CA",,
Yui Kobayashi,Hooli,yui.kobayashi@hooli.com,+12112576739,"Sydney, AU",,
Mason Davis,Umbrella Co,mason.davis@umbrella.com,+17457549236,"Berlin, DE",,
Mason Wilson,Hooli,mason.wilson@hooli.com,+16194906039,"Toronto, CA",,
Olivia Smith,Wayne Enterprises,olivia.smith@wayne.com,+14005819872,"Sydney, AU",,
Yui Yamamoto,Soylent Corp,yui.yamamoto@soylent.com,+18864884968,"London, UK",,
Ethan Kobayashi,Globex Inc,ethan.kobayashi@globex.com,+14293583491,"Austin, TX",,
Haruto Anderson,Initech,haruto.anderson@initech.com,+13332151846,"Tokyo, JP",,
Noah Smith,Acme Corp,noah.smith@acme.com,+19718492433,"London, UK",,
Ava Johnson,Vandelay Industries,ava.johnson@vandelay.com,+19969379380,"Austin, TX",,
Olivia Kobayashi,Acme Corp,olivia.kobayashi@acme.com,+14633992029,"Berlin, DE",,
Mason Sato,Hooli,mason.sato@hooli.com,+12794081515,"Sydney, AU",,
Hana Johnson,Soylent Corp,hana.johnson@soylent.com,+19952401022,"Tokyo, JP",,
Ren Kobayashi,Globex Inc,ren.kobayashi@globex.com,+17732585071,"Osaka, JP",,
Mason Anderson,Stark Industries,mason.anderson@stark.com,+17624843243,"Toronto, CA",,
Liam Smith,Wonka Industries,liam.smith@wonka.com,+15635112742,"Berlin, DE",,
Ethan Sato,Umbrella Co,ethan.sato@umbrella.com,+14456104714,"Osaka, JP",,
Haruto Brown,Soylent Corp,haruto.brown@soylent.com,+17613341350,"New York, NY",,
Sophia Sato,Hooli,sophia.sato@hooli.com,+18307184889,"Berlin, DE",,
Sophia Brown,Stark Industries,sophia.brown@stark.com,+14047309305,"Toronto, CA",,
Liam Garcia,Acme Corp,liam.garcia@acme.com,+18103457805,"New York, NY",,
Test User3,,nobody@mailinator.com,,"Austin, TX",email disposable,company
Ren Brown,Umbrella Co,ren.brown@umbrella.com,+13659238070,"Toronto, CA",,
Lucas Kobayashi,Acme Corp,lucas.kobayashi@acme.com,+18318474248,"Austin, TX",,
Ava Davis,Hooli,ava.davis@hooli.com,+13657333814,"Austin, TX",,
Sophia Takahashi,Umbrella Co,sophia.takahashi@umbrella.com,+17103692800,"Austin, TX",,
Ren Smith,Soylent Corp,ren.smith@soylent.com,+13303748736,"Toronto, CA",,
Noah Garcia,Wonka Industries,noah.garcia@wonka.com,+12637907499,"New York, NY",,
Ethan Anderson,Stark Industries,ethan.anderson@stark.com,+18812573398,"Toronto, CA",,
Haruto Kobayashi,Acme Corp,haruto.kobayashi@acme.com,+14562371251,"New York, NY",,
Mia Smith,Initech,mia.smith@initech.com,+16352745406,"New York, NY",,
Liam Sato,Umbrella Co,liam.sato@umbrella.com,+12115357700,"Berlin, DE",,
Mia Garcia,Soylent Corp,mia.garcia@soylent.com,+17384362647,"Sydney, AU",,
Olivia Sato,Globex Inc,olivia.sato@globex.com,+13983349058,"London, UK",,
Lucas Suzuki,Globex Inc,lucas.suzuki@globex.com,+19124679493,"Berlin, DE",,
Lucas Yamamoto,Soylent Corp,lucas.yamamoto@soylent.com,+14595176122,"New York, NY",,
Ren Garcia,Hooli,ren.garcia@hooli.com,+19843984781,"Sydney, AU",,
Haruto Wilson,Vandelay Industries,haruto.wilson@vandelay.com,+13235391028,"Berlin, DE",,
Hana Kobayashi,Initech,hana.kobayashi@initech.com,+18232043454,"Tokyo, JP",,
Mia Tanaka,Umbrella Co,mia.tanaka@umbrella.com,+16583407826,"Austin, TX",,
Olivia Miller,Umbrella Co,olivia.miller@umbrella.com,+15936098304,"Toronto, CA",,
Sophia Kobayashi,Vandelay Industries,sophia.kobayashi@vandelay.com,+16382297554,"Osaka, JP",,
Ren Miller,Acme Corp,ren.miller@acme.com,+16672719240,"Austin, TX",,
Lucas Suzuki,Initech,lucas.suzuki@initech.com,+14554728147,"Berlin, DE",,
Liam Suzuki,Vandelay Industries,liam.suzuki@vandelay.com,+13205998466,"London, UK",,
Ava Johnson,Initech,ava.johnson@initech.com,+13544374822,"New York, NY",,
Ethan Wilson,Wonka Industries,ethan.wilson@wonka.com,+15088033190,"Osaka, JP",,
Noah Sato,Hooli,noah.sato@hooli.com,+17738983961,"Austin, TX",,
Ren Miller,Soylent Corp,ren.miller@soylent.com,+14926758633,"Sydney, AU",,
Olivia Johnson,Soylent Corp,olivia.johnson@soylent.com,+16283686604,"Tokyo, JP",,
Ava Takahashi,Acme Corp,ava.takahashi@acme.com,+12312423267,"New York, NY",,
Yui Brown,Umbrella Co,yui.brown@umbrella.com,+13632592718,"New York, NY",,
Ethan Kobayashi,Wonka Industries,ethan.kobayashi@wonka.com,+12012109806,"London, UK",,
Mia Smith,Globex Inc,mia.smith@globex.com,+17196631456,"Austin, TX",,
Olivia Davis,Soylent Corp,olivia.davis@soylent.com,+13826595258,"New York, NY",,
Aiko Davis,Stark Industries,aiko.davis@stark.com,+14672216749,"London, UK",,
Emma Anderson,Acme Corp,emma.anderson@acme.com,+16974752630,"Osaka, JP",,
Ava Smith,Acme Corp,ava.smith@acme.com,+13143093651,"Berlin, DE",,
