name,company,email,phone,location
Ren Wilson,Globex Inc,ren.wilson@globex.com,+1 268-331-6874,"Toronto, CA"
Noah Smith,Globex Inc,noah.smith@globex.com,+1 486-282-6758,"Toronto, CA"
Ren Wilson,Acme Corp,ren.wilson@acme.com,+1 884-279-6140,"Berlin, DE"
Mia Miller,Acme Corp,mia.miller@acme.com,+1 938-973-2070,"New York, NY"
Haruto Suzuki,Umbrella Co,haruto.suzuki@umbrella.com,+1 600-945-7635,"Osaka, JP"
Liam Johnson,Acme Corp,liam.johnson@acme.com,+1 686-436-8344,"Berlin, DE"
Test User2,Acme Corp,asdf@asdf.com,,
Sophia Tanaka,Vandelay Industries,sophia.tanaka@vandelay.com,+1 350-906-9899,"New York, NY"
ETHAN SATO,Hooli,ethan.sato@hooli.com,+1 417-600-2274,"Tokyo, JP"
Yui Davis,Wonka Industries,yui.davis@wonka.com,+1 444-588-9787,"Sydney, AU"
Ren Johnson,Stark Industries,ren.johnson@stark.com,+1 303-604-3532,"Austin, TX"
Ethan Anderson,Vandelay Industries,ethan.anderson@vandelay.com,+1 977-660-8002,"Tokyo, JP"
Sota Yamamoto,Initech,sota.yamamoto@initech.com,+1 262-957-6796,"Sydney, AU"
Hana Davis,Hooli,hana.davis@hooli.com,+1 454-384-4999,"Austin, TX"
Hana Anderson,Wayne Enterprises,hana.anderson@wayne.com,+1 519-287-3361,"Austin, TX"
Sophia Garcia,Wayne Enterprises,SOPHIA.GARCIA@WAYNE.COM,+1 705-591-2257,"Sydney, AU"
Lucas Anderson,Globex Inc,lucas.anderson@globex.com,+1 718-660-5401,"Toronto, CA"
Emma Johnson,Hooli,emma.johnson@hooli.com,+1 641-367-1907,"Austin, TX"
Yui Takahashi,Globex Inc,yui.takahashi@globex.com,+1 942-362-3785,"Tokyo, JP"
Hana Brown,Globex Inc,hana.brown@globex.com,+1 548-815-1861,"Austin, TX"
Ava Anderson,Wonka Industries,ava.anderson@wonka.com,+1 942-323-2011,"Berlin, DE"
Mia Yamamoto,Globex Inc,mia.yamamoto@globex.com,+1 664-211-6556,"Toronto, CA"
Liam Smith,Vandelay Industries,liam.smith@vandelay.com,+1 702-297-9052,"Tokyo, JP"
Mia Garcia,Hooli,mia.garcia@hooli.com,+1 713-446-6341,"London, UK"
Olivia Yamamoto,Globex Inc,olivia.yamamoto@globex.com,+1 597-928-4265,"Sydney, AU"
Hana Miller,Vandelay Industries,hana.miller@vandelay.com,+1 860-448-8787,"Osaka, JP"
Sophia Davis,Globex Inc,sophia.davis@globex.com,+1 760-929-2028,"New York, NY"
Haruto Sato,Acme Corp,haruto.sato@acme.com,+1 719-419-1614,"Austin, TX"
HANA DAVIS,Hooli,hana.davis@hooli.com,+1 454-384-4999,"Austin, TX"
Ethan Sato,Acme Corp,ethan.sato@acme.com,+1 860-932-5977,"Tokyo, JP"
Mia Davis,Vandelay Industries,MIA.DAVIS@VANDELAY.COM,+1 760-531-5005,"New York, NY"
Yui Johnson,Wonka Industries,yui.johnson@wonka.com,+1 837-579-9265,"Tokyo, JP"
Liam Kobayashi,Soylent Corp,liam.kobayashi@soylent.com,+1 586-868-3231,"New York, NY"
Ren Davis,Acme Corp,ren.davis@acme.com,+1 228-486-8737,"London, UK"
Lucas Yamamoto,Initech,lucas.yamamoto@initech.com,(821) 441-6370,"Berlin, DE"
Mia Garcia,Wayne Enterprises,mia.garcia@wayne.com,+1 453-390-5019,"Osaka, JP"
Lucas Brown,Stark Industries,lucas.brown@stark.com,+1 201-736-4310,"London, UK"
LUCAS MILLER,Hooli,lucas.miller@hooli.com,+1 780-474-7110,"London, UK"
Ren Kobayashi,Soylent Corp,ren.kobayashi@soylent.com,+1 307-843-6351,"Berlin, DE"
Olivia Brown,Vandelay Industries,olivia.brown@vandelay.com,+1 395-389-9598,"Sydney, AU"
Ren Sato,Vandelay Industries,ren.sato@vandelay.com,+1 727-466-3603,"London, UK"
Ethan Miller,Hooli,ethan.miller@hooli.com,+1 311-838-9122,"Tokyo, JP"
L. Yamamoto,Acme Corp,lucas.yamamoto@acme.com,+1 330-233-7966,"Sydney, AU"
Emma Anderson,Wayne Enterprises,emma.anderson@wayne.com,+1 615-509-3305,"Toronto, CA"
Olivia Yamamoto,Stark Industries,olivia.yamamoto@stark.com,+1 309-452-4370,"Osaka, JP"
Mia Anderson,Globex Inc,mia.anderson@globex.com,+1 262-948-6072,"Sydney, AU"
Liam Smith,Vandelay Industries,liam.smith@vandelay.com,+1 702-297-9052,"Tokyo, JP"
Ren Garcia,Initech,ren.garcia@initech.com,+1 200-245-2008,"New York, NY"
Mason Suzuki,Umbrella Co,mason.suzuki@umbrella.com,+1 267-559-5132,"Tokyo, JP"
Aiko Sato,Hooli,aiko.sato@hooli.com,+1 667-347-5164,"Sydney, AU"
Olivia Smith,Stark Industries,olivia.smith@stark.com,+1 661-829-3270,"London, UK"
Ava Miller,Wonka Industries,ava.miller@wonka.com,+1 392-534-2061,"Toronto, CA"
Mason Suzuki,Initech,mason.suzuki@initech.com,+1 276-412-9201,"Sydney, AU"
Emma Wilson,Stark Industries,emma.wilson@stark.com,+1 963-676-2318,"Sydney, AU"
Liam Anderson,Soylent Corp,liam.anderson@soylent.com,+1 601-607-7536,"Toronto, CA"
Mia Garcia,Stark Industries,mia.garcia@stark.com,+1 579-432-9076,"New York, NY"
Ethan Johnson,Wayne Enterprises,ethan.johnson@wayne.com,+1 932-676-7332,"London, UK"
Mia Anderson,Soylent Corp,mia.anderson@soylent.com,+1 746-689-9319,"Osaka, JP"
Ava Tanaka,Soylent Corp,ava.tanaka@soylent.com,+1 782-216-4767,"Austin, TX"
Lucas Miller,Hooli,lucas.miller@hooli.com,+1 780-474-7110,"London, UK"
Test User6,Acme Corp,x@tempmail.net,,"Austin, TX"
Aiko Garcia,Initech,aiko.garcia@initech.com,+1 614-555-1891,"Tokyo, JP"
Aiko Miller,Hooli,aiko.miller@hooli.com,+1 461-956-5262,"Toronto, CA"
Olivia Garcia,Hooli,olivia.garcia@hooli.com,+1 325-995-3530,"Berlin, DE"
Haruto Sato,Wayne Enterprises,haruto.sato@wayne.com,+1 362-337-1231,"Osaka, JP"
Olivia Yamamoto,Umbrella Co,olivia.yamamoto@umbrella.com,+1 828-585-3433,"London, UK"
Haruto Yamamoto,Wayne Enterprises,haruto.yamamoto@wayne.com,+1 768-733-2713,"London, UK"
Liam Anderson,Soylent Corp,LIAM.ANDERSON@SOYLENT.COM,+1 601-607-7536,"Toronto, CA"
Yui Takahashi,Vandelay Industries,yui.takahashi@vandelay.com,+1 471-584-7044,"Tokyo, JP"
Olivia Anderson,Hooli,olivia.anderson@hooli.com,+1 714-871-4292,"Osaka, JP"
Noah Tanaka,Initech,noah.tanaka@initech.com,+1 644-399-4457,"New York, NY"
Lucas Brown,Umbrella Co,lucas.brown@umbrella.com,+1 607-600-9134,"Austin, TX"
Ren Yamamoto,Soylent Corp,ren.yamamoto@soylent.com,+1 914-206-1434,"Toronto, CA"
Ren Johnson,Initech,ren.johnson@initech.com,+1 300-975-4358,"London, UK"
Ethan Smith,Soylent Corp,ethan.smith@soylent.com,+1 336-496-7867,"Tokyo, JP"
Ethan Davis,Hooli,ethan.davis@hooli.com,+1 783-406-1329,"Toronto, CA"
Liam Anderson,Hooli,liam.anderson@hooli.com,+1 788-568-3062,"Osaka, JP"
Haruto Smith,Umbrella Co,haruto.smith@umbrella.com,+1 386-613-3641,"London, UK"
Olivia Kobayashi,Hooli,olivia.kobayashi@hooli.com,+1 285-822-4643,"Austin, TX"
Haruto Sato,Wayne Enterprises,haruto.sato@wayne.com,+1 793-667-2126,"Austin, TX"
Ethan Brown,Stark Industries,ethan.brown@stark.com,+1 671-835-4849,"Austin, TX"
Sophia Tanaka,Wayne Enterprises,sophia.tanaka@wayne.com,+1 451-657-2741,"Toronto, CA"
Lucas Garcia,Vandelay Industries,lucas.garcia@vandelay.com,+1 387-201-6494,"Toronto, CA"
Aiko Brown,Stark Industries,aiko.brown@stark.com,+1 307-273-5339,"Austin, TX"
Mason Garcia,Stark Industries,mason.garcia@stark.com,+1 266-865-1554,"Sydney, AU"
Emma Wilson,Initech,emma.wilson@initech.com,+1 633-316-2482,"Toronto, CA"
Noah Tanaka,Umbrella Co,noah.tanaka@umbrella.com,+1 589-565-6057,"Toronto, CA"
Sota Yamamoto,Soylent Corp,sota.yamamoto@soylent.com,+1 333-744-3487,"New York, NY"
Yui Smith,Hooli,yui.smith@hooli.com,+1 511-844-4814,"Austin, TX"
Test User9,,x@tempmail.net,,"Austin, TX"
Lucas Tanaka,Wayne Enterprises,lucas.tanaka@wayne.com,+1 551-946-8353,"London, UK"
Hana Tanaka,Acme Corp,hana.tanaka@acme.com,+1 842-219-9707,"Osaka, JP"
Mason Sato,Umbrella Co,mason.sato@umbrella.com,+1 242-609-9485,"Tokyo, JP"
Emma Kobayashi,Hooli,emma.kobayashi@hooli.com,+1 956-716-2104,"Osaka, JP"
Sophia Davis,Vandelay Industries,sophia.davis@vandelay.com,+1 955-685-1496,"Toronto, CA"
Aiko Yamamoto,Stark Industries,aiko.yamamoto@stark.com,+1 322-400-1192,"London, UK"
Haruto Smith,Initech,haruto.smith@initech.com,+1 700-432-1746,"New York, NY"
Emma Smith,Initech,emma.smith@initech.com,+1 852-569-2718,"Toronto, CA"
Olivia Takahashi,Acme Corp,olivia.takahashi@acme.com,+1 267-804-6954,"Osaka, JP"
Ren Tanaka,Stark Industries,ren.tanaka@stark.com,+1 718-515-4525,"Osaka, JP"
Emma Anderson,Wayne Enterprises,emma.anderson@wayne.com,+1 615-509-3305,"Toronto, CA"
Yui Wilson,Soylent Corp,yui.wilson@soylent.com,+1 415-585-5427,"Berlin, DE"
Emma Brown,Wonka Industries,emma.brown@wonka.com,+1 676-871-3394,"Sydney, AU"
Aiko Takahashi,Stark Industries,aiko.takahashi@stark.com,+1 571-898-7493,"Osaka, JP"
Hana Garcia,Wayne Enterprises,hana.garcia@wayne.com,+1 981-833-8508,"Tokyo, JP"
Noah Tanaka,Umbrella Co,noah.tanaka@umbrella.com,+1 519-287-8748,"New York, NY"
Mason Sato,Umbrella Co,MASON.SATO@UMBRELLA.COM,+1 242-609-9485,"Tokyo, JP"
Sophia Miller,Wayne Enterprises,sophia.miller@wayne.com,+1 712-888-3914,"London, UK"
M. Anderson,Soylent Corp,mia.anderson@soylent.com,+1 746-689-9319,"Osaka, JP"
Mia Garcia,Umbrella Co,mia.garcia@umbrella.com,+1 363-964-6355,"Osaka, JP"
Mia Sato,Initech,mia.sato@initech.com,+1 244-739-4906,"Austin, TX"
Haruto Anderson,Acme Corp,haruto.anderson@acme.com,+1 750-779-4548,"Austin, TX"
Sophia Garcia,Wayne Enterprises,sophia.garcia@wayne.com,+1 705-591-2257,"Sydney, AU"
Sota Yamamoto,Wayne Enterprises,sota.yamamoto@wayne.com,+1 335-708-3997,"New York, NY"
Ethan Kobayashi,Stark Industries,ethan.kobayashi@stark.com,+1 241-584-1571,"Sydney, AU"
Ethan Johnson,Globex Inc,ethan.johnson@globex.com,+1 471-478-1648,"Tokyo, JP"
Sophia Anderson,Soylent Corp,sophia.anderson@soylent.com,+1 637-995-6146,"Sydney, AU"
Mia Garcia,Stark Industries,MIA.GARCIA@STARK.COM,+1 579-432-9076,"New York, NY"
Test User4,Acme Corp,john@@example.com,,
Aiko Tanaka,Wonka Industries,aiko.tanaka@wonka.com,+1 502-724-2053,"Austin, TX"
Mason Tanaka,Hooli,mason.tanaka@hooli.com,+1 265-507-1794,"Sydney, AU"
Yui Takahashi,Vandelay Industries,yui.takahashi@vandelay.com,+1 471-584-7044,"Tokyo, JP"
Emma Garcia,Wayne Enterprises,emma.garcia@wayne.com,+1 890-862-7881,"Austin, TX"
Liam Miller,Stark Industries,liam.miller@stark.com,+1 582-539-8248,"Tokyo, JP"
Mason Garcia,Globex Inc,mason.garcia@globex.com,+1 467-437-1635,"Austin, TX"
Mia Davis,Globex Inc,mia.davis@globex.com,(602) 599-2251,"Berlin, DE"
Liam Anderson,Vandelay Industries,liam.anderson@vandelay.com,+1 254-822-7355,"Austin, TX"
Aiko Takahashi,Hooli,aiko.takahashi@hooli.com,+1 690-908-3645,"New York, NY"
Sophia Garcia,Globex Inc,sophia.garcia@globex.com,+1 378-550-2492,"Berlin, DE"
Ren Yamamoto,Wonka Industries,ren.yamamoto@wonka.com,+1 386-469-5619,"New York, NY"
Mia Miller,Umbrella Co,mia.miller@umbrella.com,+1 287-719-1249,"Tokyo, JP"
Ethan Smith,Stark Industries,ethan.smith@stark.com,+1 921-865-6036,"New York, NY"
Noah Suzuki,Wonka Industries,noah.suzuki@wonka.com,+1 926-834-6729,"Osaka, JP"
Liam Anderson,Initech,liam.anderson@initech.com,+1 361-475-8304,"New York, NY"
Noah Anderson,Stark Industries,noah.anderson@stark.com,+1 263-395-2103,"Osaka, JP"
Ren Smith,Globex Inc,ren.smith@globex.com,+1 600-740-8670,"Sydney, AU"
Sota Kobayashi,Hooli,sota.kobayashi@hooli.com,+1 249-487-2666,"New York, NY"
Lucas Smith,Vandelay Industries,lucas.smith@vandelay.com,+1 528-987-9253,"Sydney, AU"
Noah Suzuki,Wonka Industries,noah.suzuki@wonka.com,+1 926-834-6729,"Osaka, JP"
Sophia Johnson,Stark Industries,sophia.johnson@stark.com,+1 710-926-8323,"Tokyo, JP"
Liam Anderson,Hooli,liam.anderson@hooli.com,+1 788-568-3062,"Osaka, JP"
Yui Davis,Globex Inc,yui.davis@globex.com,+1 353-452-4155,"New York, NY"
Emma Davis,Soylent Corp,emma.davis@soylent.com,+1 669-651-1296,"Toronto, CA"
Olivia Garcia,Globex Inc,olivia.garcia@globex.com,+1 432-681-4222,"Berlin, DE"
Emma Sato,Initech,emma.sato@initech.com,+1 749-303-6957,"New York, NY"
Haruto Johnson,Wayne Enterprises,haruto.johnson@wayne.com,+1 716-722-1667,"New York, NY"
Aiko Wilson,Initech,aiko.wilson@initech.com,+1 470-317-9695,"New York, NY"
Mia Takahashi,Stark Industries,mia.takahashi@stark.com,+1 567-899-7233,"Osaka, JP"
E. Davis,Soylent Corp,emma.davis@soylent.com,+1 669-651-1296,"Toronto, CA"
Sota Wilson,Globex Inc,sota.wilson@globex.com,+1 446-292-7955,"New York, NY"
Hana Brown,Globex Inc,hana.brown@globex.com,(548) 815-1861,"Austin, TX"
Hana Davis,Wonka Industries,hana.davis@wonka.com,+1 280-724-4232,"Toronto, CA"
Olivia Takahashi,Wayne Enterprises,olivia.takahashi@wayne.com,+1 458-276-5350,"Osaka, JP"
Liam Brown,Stark Industries,liam.brown@stark.com,+1 660-929-6147,"Austin, TX"
Sophia Takahashi,Wonka Industries,sophia.takahashi@wonka.com,+1 552-657-6726,"Berlin, DE"
Ava Miller,Wonka Industries,ava.miller@wonka.com,+1 858-348-1717,"Toronto, CA"
Haruto Miller,Vandelay Industries,haruto.miller@vandelay.com,+1 831-244-5295,"Berlin, DE"
Ava Anderson,Globex Inc,ava.anderson@globex.com,+1 265-853-3370,"London, UK"
Ren Johnson,Stark Industries,ren.johnson@stark.com,+1 303-604-3532,"Austin, TX"
Haruto Garcia,Wayne Enterprises,haruto.garcia@wayne.com,+1 697-603-1406,"Tokyo, JP"
Lucas Sato,Acme Corp,LUCAS.SATO@ACME.COM,+1 622-231-8150,"Austin, TX"
Mason Wilson,Vandelay Industries,mason.wilson@vandelay.com,+1 288-939-7485,"Sydney, AU"
Test User5,,info@example,,
Ava Wilson,Soylent Corp,ava.wilson@soylent.com,+1 578-824-6220,"Tokyo, JP"
Haruto Davis,Globex Inc,haruto.davis@globex.com,+1 652-435-3895,"New York, NY"
Liam Miller,Umbrella Co,liam.miller@umbrella.com,+1 322-251-4105,"Osaka, JP"
Sota Miller,Wonka Industries,sota.miller@wonka.com,+1 455-635-7376,"Berlin, DE"
Ava Miller,Initech,ava.miller@initech.com,+1 678-424-2542,"Toronto, CA"
Mia Tanaka,Stark Industries,mia.tanaka@stark.com,+1 915-982-2837,"Austin, TX"
Mason Wilson,Vandelay Industries,mason.wilson@vandelay.com,+1 288-939-7485,"Sydney, AU"
Olivia Yamamoto,Stark Industries,olivia.yamamoto@stark.com,+1 309-452-4370,"Osaka, JP"
Mia Anderson,Soylent Corp,mia.anderson@soylent.com,+1 746-689-9319,"Osaka, JP"
Mia Kobayashi,Initech,mia.kobayashi@initech.com,+1 632-892-5237,"Toronto, CA"
AVA SUZUKI,Wonka Industries,ava.suzuki@wonka.com,+1 598-982-6343,"Sydney, AU"
Sophia Tanaka,Wayne Enterprises,sophia.tanaka@wayne.com,+1 451-657-2741,"Toronto, CA"
Aiko Brown,Stark Industries,aiko.brown@stark.com,+1 866-249-2186,"Austin, TX"
Olivia Miller,Soylent Corp,olivia.miller@soylent.com,+1 796-396-7358,"London, UK"
Haruto Brown,Wonka Industries,HARUTO.BROWN@WONKA.COM,+1 846-720-5580,"Austin, TX"
Noah Wilson,Wayne Enterprises,noah.wilson@wayne.com,+1 971-402-5941,"Tokyo, JP"
Ethan Miller,Wayne Enterprises,ethan.miller@wayne.com,+1 770-884-7461,"Austin, TX"
Aiko Miller,Hooli,AIKO.MILLER@HOOLI.COM,+1 461-956-5262,"Toronto, CA"
Mia Davis,Globex Inc,mia.davis@globex.com,+1 602-599-2251,"Berlin, DE"
Sophia Garcia,Globex Inc,sophia.garcia@globex.com,+1 795-292-3322,"London, UK"
Hana Tanaka,Wayne Enterprises,hana.tanaka@wayne.com,+1 383-223-1057,"Sydney, AU"
Mason Miller,Acme Corp,mason.miller@acme.com,+1 385-406-6111,"London, UK"
Aiko Wilson,Umbrella Co,aiko.wilson@umbrella.com,+1 565-526-2510,"Berlin, DE"
Liam Garcia,Initech,liam.garcia@initech.com,+1 497-830-8081,"Toronto, CA"
Yui Kobayashi,Hooli,yui.kobayashi@hooli.com,+1 211-257-6739,"Sydney, AU"
Mason Davis,Umbrella Co,mason.davis@umbrella.com,+1 745-754-9236,"Berlin, DE"
Mason Wilson,Hooli,mason.wilson@hooli.com,+1 619-490-6039,"Toronto, CA"
Olivia Smith,Wayne Enterprises,olivia.smith@wayne.com,+1 400-581-9872,"Sydney, AU"
Yui Yamamoto,Soylent Corp,yui.yamamoto@soylent.com,+1 886-488-4968,"London, UK"
Ethan Kobayashi,Globex Inc,ethan.kobayashi@globex.com,+1 429-358-3491,"Austin, TX"
Sophia Johnson,Stark Industries,SOPHIA.JOHNSON@STARK.COM,+1 710-926-8323,"Tokyo, JP"
Sophia Davis,Globex Inc,sophia.davis@globex.com,(760) 929-2028,"New York, NY"
Haruto Anderson,Initech,haruto.anderson@initech.com,+1 333-215-1846,"Tokyo, JP"
Lucas Sato,Acme Corp,lucas.sato@acme.com,+1 622-231-8150,"Austin, TX"
Sophia Anderson,Wonka Industries,sophia.anderson@wonka.com,+1 824-201-8855,"Berlin, DE"
Noah Smith,Acme Corp,noah.smith@acme.com,+1 971-849-2433,"London, UK"
Ava Johnson,Vandelay Industries,ava.johnson@vandelay.com,+1 996-937-9380,"Austin, TX"
Olivia Kobayashi,Acme Corp,olivia.kobayashi@acme.com,+1 463-399-2029,"Berlin, DE"
Mason Sato,Hooli,mason.sato@hooli.com,+1 279-408-1515,"Sydney, AU"
Hana Johnson,Soylent Corp,hana.johnson@soylent.com,+1 995-240-1022,"Tokyo, JP"
Ren Kobayashi,Globex Inc,ren.kobayashi@globex.com,+1 773-258-5071,"Osaka, JP"
Liam Davis,Vandelay Industries,liam.davis@vandelay.com,+1 344-245-4341,"London, UK"
Yui Davis,Globex Inc,yui.davis@globex.com,+1 353-452-4155,"New York, NY"
Mason Anderson,Stark Industries,mason.anderson@stark.com,+1 762-484-3243,"Toronto, CA"
Liam Smith,Wonka Industries,liam.smith@wonka.com,+1 563-511-2742,"Berlin, DE"
Ethan Sato,Umbrella Co,ethan.sato@umbrella.com,+1 445-610-4714,"Osaka, JP"
Haruto Brown,Soylent Corp,haruto.brown@soylent.com,+1 761-334-1350,"New York, NY"
Sophia Sato,Hooli,SOPHIA.SATO@HOOLI.COM,+1 830-718-4889,"Berlin, DE"
Ren Smith,Globex Inc,ren.smith@globex.com,+1 600-740-8670,"Sydney, AU"
Noah Tanaka,Initech,NOAH.TANAKA@INITECH.COM,+1 644-399-4457,"New York, NY"
Sophia Brown,Stark Industries,sophia.brown@stark.com,+1 404-730-9305,"Toronto, CA"
Ava Miller,Initech,ava.miller@initech.com,+1 678-424-2542,"Toronto, CA"
Liam Garcia,Acme Corp,liam.garcia@acme.com,+1 810-345-7805,"New York, NY"
Test User3,,nobody@mailinator.com,,"Austin, TX"
Olivia Brown,Vandelay Industries,OLIVIA.BROWN@VANDELAY.COM,+1 395-389-9598,"Sydney, AU"
Mia Davis,Vandelay Industries,mia.davis@vandelay.com,+1 760-531-5005,"New York, NY"
Ren Brown,Umbrella Co,ren.brown@umbrella.com,+1 365-923-8070,"Toronto, CA"
Haruto Sato,Vandelay Industries,haruto.sato@vandelay.com,+1 685-325-2889,"Sydney, AU"
Mia Sato,Initech,mia.sato@initech.com,+1 244-739-4906,"Austin, TX"
Lucas Yamamoto,Initech,lucas.yamamoto@initech.com,+1 821-441-6370,"Berlin, DE"
Lucas Kobayashi,Acme Corp,lucas.kobayashi@acme.com,+1 831-847-4248,"Austin, TX"
Ava Davis,Hooli,ava.davis@hooli.com,+1 365-733-3814,"Austin, TX"
Ava Miller,Wonka Industries,AVA.MILLER@WONKA.COM,+1 858-348-1717,"Toronto, CA"
Test User1,,x@tempmail.net,,
Sophia Takahashi,Umbrella Co,sophia.takahashi@umbrella.com,+1 710-369-2800,"Austin, TX"
Ren Smith,Soylent Corp,ren.smith@soylent.com,+1 330-374-8736,"Toronto, CA"
Sophia Davis,Vandelay Industries,sophia.davis@vandelay.com,+1 955-685-1496,"Toronto, CA"
Noah Garcia,Wonka Industries,noah.garcia@wonka.com,+1 263-790-7499,"New York, NY"
Haruto Brown,Wonka Industries,haruto.brown@wonka.com,+1 319-705-1965,"Osaka, JP"
Ethan Anderson,Stark Industries,ETHAN.ANDERSON@STARK.COM,+1 881-257-3398,"Toronto, CA"
Haruto Brown,Wonka Industries,haruto.brown@wonka.com,+1 846-720-5580,"Austin, TX"
Haruto Kobayashi,Acme Corp,haruto.kobayashi@acme.com,+1 456-237-1251,"New York, NY"
Mia Smith,Initech,mia.smith@initech.com,+1 635-274-5406,"New York, NY"
Lucas Takahashi,Stark Industries,lucas.takahashi@stark.com,+1 884-555-1369,"Sydney, AU"
Liam Sato,Umbrella Co,liam.sato@umbrella.com,+1 211-535-7700,"Berlin, DE"
Ava Davis,Hooli,ava.davis@hooli.com,+1 867-961-5987,"Tokyo, JP"
Mia Garcia,Soylent Corp,mia.garcia@soylent.com,+1 738-436-2647,"Sydney, AU"
Olivia Sato,Globex Inc,olivia.sato@globex.com,+1 398-334-9058,"London, UK"
Lucas Suzuki,Globex Inc,lucas.suzuki@globex.com,+1 912-467-9493,"Berlin, DE"
Lucas Anderson,Globex Inc,LUCAS.ANDERSON@GLOBEX.COM,+1 718-660-5401,"Toronto, CA"
Lucas Yamamoto,Soylent Corp,lucas.yamamoto@soylent.com,+1 459-517-6122,"New York, NY"
Ren Garcia,Hooli,ren.garcia@hooli.com,+1 984-398-4781,"Sydney, AU"
Haruto Wilson,Vandelay Industries,haruto.wilson@vandelay.com,+1 323-539-1028,"Berlin, DE"
Hana Kobayashi,Initech,hana.kobayashi@initech.com,+1 823-204-3454,"Tokyo, JP"
Mason Suzuki,Umbrella Co,mason.suzuki@umbrella.com,+1 835-614-4213,"Sydney, AU"
Mia Tanaka,Umbrella Co,mia.tanaka@umbrella.com,+1 658-340-7826,"Austin, TX"
Olivia Miller,Umbrella Co,olivia.miller@umbrella.com,+1 593-609-8304,"Toronto, CA"
Ethan Miller,Wayne Enterprises,ethan.miller@wayne.com,+1 770-884-7461,"Austin, TX"
Haruto Yamamoto,Wayne Enterprises,haruto.yamamoto@wayne.com,+1 768-733-2713,"London, UK"
Sophia Kobayashi,Vandelay Industries,sophia.kobayashi@vandelay.com,+1 638-229-7554,"Osaka, JP"
Ren Miller,Acme Corp,ren.miller@acme.com,+1 667-271-9240,"Austin, TX"
Test User0,Acme Corp,john@@example.com,,"Austin, TX"
Sophia Sato,Hooli,sophia.sato@hooli.com,+1 830-718-4889,"Berlin, DE"
Hana Davis,Hooli,hana.davis@hooli.com,+1 454-384-4999,"Austin, TX"
N. Tanaka,Umbrella Co,noah.tanaka@umbrella.com,+1 589-565-6057,"Toronto, CA"
Lucas Suzuki,Initech,lucas.suzuki@initech.com,+1 455-472-8147,"Berlin, DE"
Noah Garcia,Wonka Industries,noah.garcia@wonka.com,+1 263-790-7499,"New York, NY"
Hana Davis,Wonka Industries,hana.davis@wonka.com,+1 717-820-9391,"Osaka, JP"
Liam Suzuki,Vandelay Industries,liam.suzuki@vandelay.com,+1 320-599-8466,"London, UK"
Mia Davis,Globex Inc,mia.davis@globex.com,+1 602-599-2251,"Berlin, DE"
Ava Suzuki,Wonka Industries,ava.suzuki@wonka.com,+1 598-982-6343,"Sydney, AU"
Ethan Anderson,Vandelay Industries,ethan.anderson@vandelay.com,+1 977-660-8002,"Tokyo, JP"
Yui Kobayashi,Hooli,yui.kobayashi@hooli.com,+1 211-257-6739,"Sydney, AU"
Ava Johnson,Initech,ava.johnson@initech.com,+1 354-437-4822,"New York, NY"
Yui Anderson,Vandelay Industries,yui.anderson@vandelay.com,+1 274-887-4942,"Toronto, CA"
Mason Davis,Umbrella Co,mason.davis@umbrella.com,+1 745-754-9236,"Berlin, DE"
Ethan Wilson,Wonka Industries,ethan.wilson@wonka.com,+1 508-803-3190,"Osaka, JP"
Noah Sato,Hooli,noah.sato@hooli.com,+1 773-898-3961,"Austin, TX"
Liam Miller,Wonka Industries,liam.miller@wonka.com,+1 565-624-7823,"New York, NY"
Ren Miller,Soylent Corp,ren.miller@soylent.com,+1 492-675-8633,"Sydney, AU"
Emma Wilson,Initech,emma.wilson@initech.com,(633) 316-2482,"Toronto, CA"
Aiko Takahashi,Hooli,aiko.takahashi@hooli.com,+1 928-253-5357,"Toronto, CA"
Olivia Johnson,Soylent Corp,olivia.johnson@soylent.com,+1 628-368-6604,"Tokyo, JP"
H. Smith,Umbrella Co,haruto.smith@umbrella.com,+1 386-613-3641,"London, UK"
Noah Suzuki,Wonka Industries,noah.suzuki@wonka.com,+1 926-834-6729,"Osaka, JP"
Ava Takahashi,Acme Corp,ava.takahashi@acme.com,+1 231-242-3267,"New York, NY"
Mia Garcia,Stark Industries,mia.garcia@stark.com,+1 579-432-9076,"New York, NY"
Emma Johnson,Hooli,emma.johnson@hooli.com,+1 291-347-7545,"New York, NY"
Yui Brown,Umbrella Co,yui.brown@umbrella.com,+1 363-259-2718,"New York, NY"
Ethan Kobayashi,Wonka Industries,ethan.kobayashi@wonka.com,+1 201-210-9806,"London, UK"
Ethan Sato,Hooli,ethan.sato@hooli.com,+1 417-600-2274,"Tokyo, JP"
Mia Smith,Globex Inc,mia.smith@globex.com,+1 719-663-1456,"Austin, TX"
Ethan Anderson,Stark Industries,ethan.anderson@stark.com,+1 881-257-3398,"Toronto, CA"
Olivia Davis,Soylent Corp,olivia.davis@soylent.com,+1 382-659-5258,"New York, NY"
Aiko Davis,Stark Industries,aiko.davis@stark.com,+1 467-221-6749,"London, UK"
Aiko Yamamoto,Stark Industries,aiko.yamamoto@stark.com,+1 322-400-1192,"London, UK"
Ava Tanaka,Soylent Corp,ava.tanaka@soylent.com,+1 784-706-6358,"Austin, TX"
Emma Anderson,Acme Corp,emma.anderson@acme.com,+1 697-475-2630,"Osaka, JP"
Test User7,,asdf@asdf.com,,
Lucas Yamamoto,Acme Corp,lucas.yamamoto@acme.com,+1 330-233-7966,"Sydney, AU"
Ava Smith,Acme Corp,ava.smith@acme.com,+1 314-309-3651,"Berlin, DE"
Test User8,Acme Corp,nobody@mailinator.com,,
